seq,ssl,lsl,sgd,ddg,sem
TATATATA,45,50,40,2.687285201652457,0.0252422843383558
AAATATATAT,10,55,40,2.381198520933708,0.0837957554536053
AATATATATATT,35,75,45,3.694019134656969,0.0473537024211971
AATATTAAATTT,15,70,35,2.621338574773916,0.043785991698354
AATATTAAATTT,45,90,30,0.9371032831044488,0.0449899261815112
AATATATT,35,75,45,2.086484887595645,0.0665186911548905
TTTTAAAA,10,60,30,1.6223115138958093,0.0609944910537059
TTTTAAAA,25,85,35,1.4503424291002034,0.0541956714403446
TAATATAATAA,35,75,30,3.8590698880205423,0.0447390893210519
TAATATAATAA,5,55,35,0.6904627256870697,0.0296934662162897
TATTTT,10,60,30,2.0478130967539343,0.0564029850324965
TATTTT,25,85,35,2.613875891139344,0.0470273134940134
ATTA,25,85,35,0.2617533721567326,0.0737517461665381
AATTA,45,50,40,2.9202411355024083,0.0259201103382895
ATTTAATAATTT,45,80,30,3.454568106549857,0.1291860345593362
ATTTAATAATTT,30,55,50,2.8137155774612097,0.0740530033176977
TATATATA,30,70,35,1.2839880757758235,0.0245928608889701
AAATATATAT,40,75,35,1.4100727035869056,0.0727340100237183
ATAT,50,75,50,1.3333129241734696,0.0648631733343103
AAAAA,25,85,35,3.070096152654173,0.0781639956829178
AATT,35,75,45,1.4391584873124827,0.0288170571230432
AATT,20,50,40,0.8201908765006607,0.0588722784141632
TAATATATATAT,20,65,45,3.460824263931954,0.0359363879305641
TAATATATATAT,35,90,50,4.293580731565953,0.0254805511622938
TTAATATATAAT,30,80,50,5.044672221325982,0.0333505844207037
TTAATATATAAT,45,60,30,2.484247620772294,0.040465048976107
TTATATTATAT,45,55,50,4.660888090312369,0.040163386982106
TTATATTATAT,30,75,45,3.71564517268672,0.0238898745497476
TTAATATTTTT,35,85,40,3.7872294168744247,0.0430664057912132
TTAATATTTTT,5,65,45,1.4032231664471055,0.0411303834682128
AATATATATATT,20,50,40,1.1275384380982985,0.0460163612985832
AATATATT,20,50,40,2.051142461006464,0.0372632706807729
TTTATTATTT,10,60,30,2.110465692564261,0.044488093349957
TTTATTATTT,40,80,50,3.289255963190101,0.0358167664641127
TATAAT,15,80,35,0.3665526525679041,0.0225530899980728
TATAAT,10,85,45,0.105584017010301,0.049377472040034
TAATTATTTATT,5,85,50,0.8037638818819772,0.0745926058338298
TAATTATTTATT,20,65,30,0.2985966502174619,0.0438420111418559
TATTAAT,25,70,50,2.4025068622930803,0.0219281580103324
TATTAAT,20,75,30,2.2094216088505902,0.0605154939207325
AATTA,30,70,35,1.8632434506145048,0.0175804619760734
ATTAATTA,25,90,30,0.50906121340509,0.0635868329465863
ATTAATTA,5,70,50,1.2367131586202618,0.0480090882120915
ATTAATTA,45,50,40,2.808072925451313,0.0265172618852987
ATTTATAATTTT,25,70,30,0.4085779752307132,0.0515929626343299
ATATAATATA,45,90,50,3.499477080131669,0.0505428167264612
ATATAATATA,25,70,45,2.947410508373707,0.0360229974175675
ATATAATATA,5,50,35,0.5317056480573257,0.0415413856004134
TTATATTAT,10,60,30,2.096256473500759,0.0302257291754531
TATAAAATAATA,10,60,30,2.559000967192091,0.0361269954303986
ATTATAATATTA,15,90,45,1.4249260861442394,0.0823598092993036
ATTATAATATTA,35,50,30,0.6677151380032456,0.0285158373772418
ATAATTTTTT,25,75,30,1.1832309390555338,0.0921056075252042
AAAATTTATTTT,10,90,30,2.8049735548993056,0.042276398678885
ATTATATATAAT,45,70,35,3.141190938616603,0.0746427853340503
ATTATATATAAT,25,70,40,2.987358450513341,0.0491203356051826
TTATTATTATTT,10,50,30,1.1596765425456397,0.051038376762645
TTATTATTATTT,35,85,45,5.643783264791807,0.1302152496561887
TATATAATT,10,55,45,0.2232295887110211,0.0315337596872651
TATATAATT,35,90,35,5.3018179460216,0.0406433010256895
ATTTATAATTTT,45,80,40,0.706773815842098,0.0530544653679836
TTATATTAT,30,70,40,1.840444682352711,0.0578089110308933
TAAATATTTT,45,50,50,2.371405168058004,0.0314418298979031
TAAATATTTT,20,60,35,2.4327351660940053,0.0644902579250848
AATATATATT,20,50,40,1.9741136239246373,0.0553952419742681
AATATATATT,40,60,50,0.0524462715893605,0.0442907893052129
TTATTAAAAAA,40,80,50,4.151015570314428,0.0621439273322828
TTATTAAAAAA,15,90,35,3.2702112002575063,0.0576598258113617
AAAATATTATAT,5,80,45,1.7447422922605824,0.0205378880081279
AAAATATTATAT,30,70,35,1.2510952512319875,0.0541078273537176
ATTATAAAAT,35,50,35,2.6322908693282727,0.0398314327676801
ATTATAAAAT,15,85,50,3.5697250670446863,0.036026747106556
TATAAAATAATA,30,70,40,4.396489954932349,0.029257163547889
TTAAAATAA,40,80,50,4.460432531884578,0.0620931575340148
TTAAAATAA,15,90,35,1.1923221652073297,0.042567080629214
ATAATTTTTT,45,85,40,3.597599940510974,0.068742285605428
AAATAATTTTT,30,60,35,1.711909583241635,0.0829134152591324
AAATAATTTTT,10,50,50,0.8603731983034208,0.0411361841738584
TATTTATATTT,30,85,30,0.7535306432415325,0.039313979397433
TATTTATATTT,10,75,45,0.6112689704532244,0.0362689572101901
AAAATTTATTTT,30,80,40,2.511620409697457,0.0592358112033289
AATATT,20,50,40,0.5675001715272856,0.0500487978125723
AATATT,40,60,50,0.7896729559645337,0.037141720455269
ATTAATATATAT,10,75,40,1.315363419449568,0.0674559177249387
ATTAATATATAT,30,85,50,3.262254527794028,0.1832204447687739
TTAATTT,5,80,45,0.5059020898668081,0.0671975072565908
TTAATTT,30,70,35,2.0530253402455685,0.044593151233832
AATATATATAT,5,80,45,0.0575611942085743,0.0709238996968645
AATATATATAT,30,70,35,2.2392985036679534,0.042451617942131
ATAATAATTTT,5,75,45,0.7193854069237773,0.0338710042997722
ATAATAATTTT,25,85,30,3.881944903036015,0.0561441783327109
ATATATATTT,10,55,40,2.381198520933708,0.0837957554536053
AAATTTAATATT,15,70,35,2.621338574773916,0.043785991698354
AAATTTAATATT,45,90,30,0.9371032831044488,0.0449899261815112
TTATTATATTA,35,75,30,3.8590698880205423,0.0447390893210519
TTATTATATTA,5,55,35,0.6904627256870697,0.0296934662162897
AAAATA,10,60,30,2.0478130967539343,0.0564029850324965
AAAATA,25,85,35,2.613875891139344,0.0470273134940134
TAAT,25,85,35,0.2617533721567326,0.0737517461665381
TAATT,45,50,40,2.9202411355024083,0.0259201103382895
AAATTATTAAAT,45,80,30,3.454568106549857,0.1291860345593362
AAATTATTAAAT,30,55,50,2.8137155774612097,0.0740530033176977
ATATATATTT,40,75,35,1.4100727035869056,0.0727340100237183
TTTTT,25,85,35,3.070096152654173,0.0781639956829178
ATATATATATTA,20,65,45,3.460824263931954,0.0359363879305641
ATATATATATTA,35,90,50,4.293580731565953,0.0254805511622938
ATTATATATTAA,30,80,50,5.044672221325982,0.0333505844207037
ATTATATATTAA,45,60,30,2.484247620772294,0.040465048976107
ATATAATATAA,45,55,50,4.660888090312369,0.040163386982106
ATATAATATAA,30,75,45,3.71564517268672,0.0238898745497476
AAAAATATTAA,35,85,40,3.7872294168744247,0.0430664057912132
AAAAATATTAA,5,65,45,1.4032231664471055,0.0411303834682128
AAATAATAAA,10,60,30,2.110465692564261,0.044488093349957
AAATAATAAA,40,80,50,3.289255963190101,0.0358167664641127
ATTATA,15,80,35,0.3665526525679041,0.0225530899980728
ATTATA,10,85,45,0.105584017010301,0.049377472040034
AATAAATAATTA,5,85,50,0.8037638818819772,0.0745926058338298
AATAAATAATTA,20,65,30,0.2985966502174619,0.0438420111418559
ATTAATA,25,70,50,2.4025068622930803,0.0219281580103324
ATTAATA,20,75,30,2.2094216088505902,0.0605154939207325
TAATT,30,70,35,1.8632434506145048,0.0175804619760734
TAATTAAT,25,90,30,0.50906121340509,0.0635868329465863
TAATTAAT,5,70,50,1.2367131586202618,0.0480090882120915
TAATTAAT,45,50,40,2.808072925451313,0.0265172618852987
AAAATTATAAAT,25,70,30,0.4085779752307132,0.0515929626343299
TATATTATAT,45,90,50,3.499477080131669,0.0505428167264612
TATATTATAT,25,70,45,2.947410508373707,0.0360229974175675
TATATTATAT,5,50,35,0.5317056480573257,0.0415413856004134
ATAATATAA,10,60,30,2.096256473500759,0.0302257291754531
TATTATTTTATA,10,60,30,2.559000967192091,0.0361269954303986
TAATATTATAAT,15,90,45,1.4249260861442394,0.0823598092993036
TAATATTATAAT,35,50,30,0.6677151380032456,0.0285158373772418
AAAAAATTAT,25,75,30,1.1832309390555338,0.0921056075252042
AAAATAAATTTT,10,90,30,2.8049735548993056,0.042276398678885
AAATAATAATAA,10,50,30,1.1596765425456397,0.051038376762645
AAATAATAATAA,35,85,45,5.643783264791807,0.1302152496561887
AATTATATA,10,55,45,0.2232295887110211,0.0315337596872651
AATTATATA,35,90,35,5.3018179460216,0.0406433010256895
AAAATTATAAAT,45,80,40,0.706773815842098,0.0530544653679836
ATAATATAA,30,70,40,1.840444682352711,0.0578089110308933
AAAATATTTA,45,50,50,2.371405168058004,0.0314418298979031
AAAATATTTA,20,60,35,2.4327351660940053,0.0644902579250848
TTTTTTAATAA,40,80,50,4.151015570314428,0.0621439273322828
TTTTTTAATAA,15,90,35,3.2702112002575063,0.0576598258113617
ATATAATATTTT,5,80,45,1.7447422922605824,0.0205378880081279
ATATAATATTTT,30,70,35,1.2510952512319875,0.0541078273537176
ATTTTATAAT,35,50,35,2.6322908693282727,0.0398314327676801
ATTTTATAAT,15,85,50,3.5697250670446863,0.036026747106556
TATTATTTTATA,30,70,40,4.396489954932349,0.029257163547889
TTATTTTAA,40,80,50,4.460432531884578,0.0620931575340148
TTATTTTAA,15,90,35,1.1923221652073297,0.042567080629214
AAAAAATTAT,45,85,40,3.597599940510974,0.068742285605428
AAAAATTATTT,30,60,35,1.711909583241635,0.0829134152591324
AAAAATTATTT,10,50,50,0.8603731983034208,0.0411361841738584
AAATATAAATA,30,85,30,0.7535306432415325,0.039313979397433
AAATATAAATA,10,75,45,0.6112689704532244,0.0362689572101901
AAAATAAATTTT,30,80,40,2.511620409697457,0.0592358112033289
ATATATATTAAT,10,75,40,1.315363419449568,0.0674559177249387
ATATATATTAAT,30,85,50,3.262254527794028,0.1832204447687739
AAATTAA,5,80,45,0.5059020898668081,0.0671975072565908
AAATTAA,30,70,35,2.0530253402455685,0.044593151233832
ATATATATATT,5,80,45,0.0575611942085743,0.0709238996968645
ATATATATATT,30,70,35,2.2392985036679534,0.042451617942131
AAAATTATTAT,5,75,45,0.7193854069237773,0.0338710042997722
AAAATTATTAT,25,85,30,3.881944903036015,0.0561441783327109
